cycle,range_bin,doppler_bin,output_hex
1039185000,0,0,00ccff51
1039195000,0,1,ff7b0135
1039205000,0,2,00d6fe35
1039215000,0,3,0024016a
1039225000,0,4,fd7fff63
1039235000,0,5,04e300fb
1039245000,0,6,fcc80088
1039255000,0,7,0076fe24
1039265000,0,8,ff2300e0
1039275000,0,9,02200041
1039285000,0,10,fdd4fe03
1039295000,0,11,0179047e
1039305000,0,12,ff3bfc49
1039315000,0,13,00c500b7
1039325000,0,14,0012ff3e
1039335000,0,15,ffa7018f
1039345000,0,16,0086ff0b
1039355000,0,17,fed1012d
1039365000,0,18,00a8fef3
1039375000,0,19,003e008a
1039385000,0,20,ffddffad
1039395000,0,21,ff93ff2d
1039405000,0,22,00c4ffbc
1039415000,0,23,fe4e00a8
1039425000,0,24,02af0250
1039435000,0,25,fe54fdad
1039445000,0,26,001a002d
1039455000,0,27,0079001a
1039465000,0,28,ffb5ffdb
1039475000,0,29,ffcd0001
1039485000,0,30,01a6ff56
1039495000,0,31,fd5900f9
1044575000,1,0,feb0011a
1044585000,1,1,01980055
1044595000,1,2,001fff35
1044605000,1,3,ff8b010f
1044615000,1,4,ffa9ff13
1044625000,1,5,01a2ff82
1044635000,1,6,fe60008e
1044645000,1,7,003e00d4
1044655000,1,8,ff31ff67
1044665000,1,9,00b90055
1044675000,1,10,fff8fec5
1044685000,1,11,0082025f
1044695000,1,12,ffe7fe41
1044705000,1,13,ff5dfe81
1044715000,1,14,0114031a
1044725000,1,15,001efe2f
1044735000,1,16,fe300076
1044745000,1,17,012a005d
1044755000,1,18,ffb1ff5d
1044765000,1,19,ffeb0125
1044775000,1,20,ff11ff75
1044785000,1,21,01d2ff76
1044795000,1,22,0040015c
1044805000,1,23,fd42fcb4
1044815000,1,24,04b303f9
1044825000,1,25,fc4dfea1
1044835000,1,26,01c4ff9d
1044845000,1,27,feb80039
1044855000,1,28,002bffef
1044865000,1,29,00e7ff8f
1044875000,1,30,00800070
1044885000,1,31,fee2febd
1049965000,2,0,0015ff8d
1049975000,2,1,ff52ffba
1049985000,2,2,01630169
1049995000,2,3,ffc5ff4c
1050005000,2,4,fdf3ff66
1050015000,2,5,02e4027f
1050025000,2,6,fe87fdec
1050035000,2,7,0112011a
1050045000,2,8,fe46ff9f
1050055000,2,9,0181ffc1
1050065000,2,10,0012ff14
1050075000,2,11,fec1010b
1050085000,2,12,010d005a
1050095000,2,13,fef2fdeb
1050105000,2,14,02100112
1050115000,2,15,fe690125
1050125000,2,16,ffa3004d
1050135000,2,17,0220fe62
1050145000,2,18,fd55013f
1050155000,2,19,0123feb8
1050165000,2,20,ffd7ff94
1050175000,2,21,ff2a0189
1050185000,2,22,0201ff52
1050195000,2,23,fe46ffc6
1050205000,2,24,014e0173
1050215000,2,25,ff01feaf
1050225000,2,26,00ea0100
1050235000,2,27,ff97fd6d
1050245000,2,28,ffed0370
1050255000,2,29,feecfe31
1050265000,2,30,02840084
1050275000,2,31,fe3fff8f
1055355000,3,0,0110fffe
1055365000,3,1,ffbeffa0
1055375000,3,2,00370120
1055385000,3,3,003a0003
1055395000,3,4,fde1feaa
1055405000,3,5,025502d3
1055415000,3,6,ff30fd68
1055425000,3,7,0044017c
1055435000,3,8,ffdfffe8
1055445000,3,9,003bff9b
1055455000,3,10,ff95ff7b
1055465000,3,11,00800182
1055475000,3,12,0005fe67
1055485000,3,13,ff3bfed0
1055495000,3,14,007f0167
1055505000,3,15,ffe40181
1055515000,3,16,017afec0
1055525000,3,17,fde0006c
1055535000,3,18,0085ffd0
1055545000,3,19,00f40003
1055555000,3,20,fe87ff9e
1055565000,3,21,00a3fe79
1055575000,3,22,ff6e031c
1055585000,3,23,00bcfd42
1055595000,3,24,012b0302
1055605000,3,25,fe6bfdad
1055615000,3,26,01530059
1055625000,3,27,fe920160
1055635000,3,28,009ffe51
1055645000,3,29,ff89ffb8
1055655000,3,30,012f0249
1055665000,3,31,fe4cfe11
1060745000,4,0,ff3300d6
1060755000,4,1,0140ff59
1060765000,4,2,00b2ffad
1060775000,4,3,fe3c01c9
1060785000,4,4,004fff66
1060795000,4,5,0318ff62
1060805000,4,6,fd750031
1060815000,4,7,ff160061
1060825000,4,8,019fffd7
1060835000,4,9,fee80012
1060845000,4,10,fffeff25
1060855000,4,11,0091022a
1060865000,4,12,0011fd75
1060875000,4,13,ff4b00f2
1060885000,4,14,010bffda
1060895000,4,15,00110052
1060905000,4,16,ff47fff4
1060915000,4,17,004c0173
1060925000,4,18,ff4efe15
1060935000,4,19,010800ff
1060945000,4,20,fed7ff48
1060955000,4,21,0070ffe4
1060965000,4,22,00990121
1060975000,4,23,fe10fdef
1060985000,4,24,049703e3
1060995000,4,25,fba8fc46
1061005000,4,26,01f201b9
1061015000,4,27,0037ffbe
1061025000,4,28,fe69ffb1
1061035000,4,29,0279ff84
1061045000,4,30,ff47012c
1061055000,4,31,feb5fe7e
1066135000,5,0,016301fc
1066145000,5,1,fea1000d
1066155000,5,2,00a7ff52
1066165000,5,3,004b0145
1066175000,5,4,ff510068
1066185000,5,5,0165ff0d
1066195000,5,6,fe81fe93
1066205000,5,7,005a0229
1066215000,5,8,ff92fe8f
1066225000,5,9,00d30104
1066235000,5,10,ff32ff37
1066245000,5,11,014d0226
1066255000,5,12,fecdfd29
1066265000,5,13,00a20124
1066275000,5,14,00f3ff03
1066285000,5,15,fdaa00e6
1066295000,5,16,02bbffa4
1066305000,5,17,fe8500ed
1066315000,5,18,fe93ff90
1066325000,5,19,01bfff31
1066335000,5,20,fef3011a
1066345000,5,21,00a3fee9
1066355000,5,22,ff4100cf
1066365000,5,23,008400c7
1066375000,5,24,01c8fe39
1066385000,5,25,fe1700d6
1066395000,5,26,003800eb
1066405000,5,27,00f5fe68
1066415000,5,28,ff47016d
1066425000,5,29,000efe72
1066435000,5,30,ff270297
1066445000,5,31,0014fc46
1071525000,6,0,00bd0135
1071535000,6,1,0044001d
1071545000,6,2,ff78fe6c
1071555000,6,3,0199009d
1071565000,6,4,fd0500fc
1071575000,6,5,03f3fff8
1071585000,6,6,fc670028
1071595000,6,7,0117fddc
1071605000,6,8,01450299
1071615000,6,9,fed9fe4c
1071625000,6,10,00170024
1071635000,6,11,00aa00bc
1071645000,6,12,fe84ff16
1071655000,6,13,019c00ee
1071665000,6,14,ff7fff71
1071675000,6,15,ff46ffb1
1071685000,6,16,017300ad
1071695000,6,17,ffd2ff21
1071705000,6,18,ff2a01dc
1071715000,6,19,ff29fe57
1071725000,6,20,00a10090
1071735000,6,21,00d3ff80
1071745000,6,22,fe79ff4e
1071755000,6,23,008301da
1071765000,6,24,0217fe95
1071775000,6,25,fd85028e
1071785000,6,26,01abfd18
1071795000,6,27,ffa801ec
1071805000,6,28,0062ff0e
1071815000,6,29,fe02ffea
1071825000,6,30,01f5ff75
1071835000,6,31,fe64fff5
1076915000,7,0,006e0292
1076925000,7,1,005bfeba
1076935000,7,2,000cff3b
1076945000,7,3,ff530197
1076955000,7,4,002dff2a
1076965000,7,5,022e000f
1076975000,7,6,fe63fffb
1076985000,7,7,ffc30131
1076995000,7,8,ffa2fe9e
1077005000,7,9,ff070153
1077015000,7,10,0201fe27
1077025000,7,11,018a015b
1077035000,7,12,fc5efea0
1077045000,7,13,035000c2
1077055000,7,14,fdb6ffb0
1077065000,7,15,00ebffdf
1077075000,7,16,fece0014
1077085000,7,17,00d3ffe4
1077095000,7,18,ffba011d
1077105000,7,19,ffabffd1
1077115000,7,20,0049fede
1077125000,7,21,0082017d
1077135000,7,22,ff11fedb
1077145000,7,23,00830073
1077155000,7,24,009efef8
1077165000,7,25,fea701f3
1077175000,7,26,0205ff59
1077185000,7,27,fda4fe7d
1077195000,7,28,01a0031c
1077205000,7,29,ff44fd06
1077215000,7,30,018a02b2
1077225000,7,31,fe13fcf5
1082305000,8,0,00580199
1082315000,8,1,00fafea3
1082325000,8,2,ff4d016f
1082335000,8,3,ff1aff40
1082345000,8,4,ff3a0116
1082355000,8,5,03b8fe95
1082365000,8,6,fc98016f
1082375000,8,7,01cffed4
1082385000,8,8,009c0027
1082395000,8,9,fe0f001c
1082405000,8,10,00b5ff7d
1082415000,8,11,ff070355
1082425000,8,12,014bfc04
1082435000,8,13,febf0092
1082445000,8,14,02800128
1082455000,8,15,fe41fed1
1082465000,8,16,003e00f9
1082475000,8,17,01040007
1082485000,8,18,fe13ffb5
1082495000,8,19,00660062
1082505000,8,20,00b8ffb6
1082515000,8,21,ff68005f
1082525000,8,22,00a8ff5b
1082535000,8,23,fd9fffd2
1082545000,8,24,0416007f
1082555000,8,25,fe43012a
1082565000,8,26,ff4bfe67
1082575000,8,27,01c5001d
1082585000,8,28,fe1b0090
1082595000,8,29,0171fffa
1082605000,8,30,ff30001e
1082615000,8,31,ff75fe55
1087695000,9,0,01dffffb
1087705000,9,1,ff12ffe4
1087715000,9,2,00b0010a
1087725000,9,3,fffbfed4
1087735000,9,4,fe3affce
1087745000,9,5,020f01b2
1087755000,9,6,fe9cff68
1087765000,9,7,01810069
1087775000,9,8,fe23ff00
1087785000,9,9,033f00b5
1087795000,9,10,fd38ff00
1087805000,9,11,febd012a
1087815000,9,12,032cfea5
1087825000,9,13,fe2f0123
1087835000,9,14,0073fea7
1087845000,9,15,008801fa
1087855000,9,16,ffd3fffb
1087865000,9,17,00a2fea8
1087875000,9,18,fd3200ec
1087885000,9,19,0249ff16
1087895000,9,20,000800a8
1087905000,9,21,fec5ffa8
1087915000,9,22,01c2ffd6
1087925000,9,23,fe6d0039
1087935000,9,24,00db0122
1087945000,9,25,0049fe3b
1087955000,9,26,ffb2022a
1087965000,9,27,ffcffd90
1087975000,9,28,006a00fd
1087985000,9,29,0019000f
1087995000,9,30,004b001b
1088005000,9,31,fdf2ff68
1093085000,10,0,01c4fe02
1093095000,10,1,ff330121
1093105000,10,2,ff7d0033
1093115000,10,3,0090ff1a
1093125000,10,4,feebffa7
1093135000,10,5,01980375
1093145000,10,6,feccfd52
1093155000,10,7,018600d4
1093165000,10,8,fe30ffab
1093175000,10,9,01670050
1093185000,10,10,ff77fe8b
1093195000,10,11,feea0247
1093205000,10,12,024efdfe
1093215000,10,13,fe260076
1093225000,10,14,0229ff97
1093235000,10,15,fea400f8
1093245000,10,16,feccfff6
1093255000,10,17,021bff43
1093265000,10,18,fd0b0193
1093275000,10,19,01b4fd84
1093285000,10,20,007d02ad
1093295000,10,21,0040fe2b
1093305000,10,22,000200dc
1093315000,10,23,fe56feb0
1093325000,10,24,01a00245
1093335000,10,25,ff9ffde0
1093345000,10,26,ff7d013f
1093355000,10,27,ffd6feaf
1093365000,10,28,01d20196
1093375000,10,29,fe3effbe
1093385000,10,30,00a5ffbb
1093395000,10,31,feec00a8
1098475000,11,0,017f0007
1098485000,11,1,00f2021d
1098495000,11,2,fe46fded
1098505000,11,3,016b00e4
1098515000,11,4,fda6004c
1098525000,11,5,03750171
1098535000,11,6,fe77fe94
1098545000,11,7,ff14ff6f
1098555000,11,8,011200ba
1098565000,11,9,ff7800b7
1098575000,11,10,0033fd9f
1098585000,11,11,ff900334
1098595000,11,12,0105fcf9
1098605000,11,13,ff9701b6
1098615000,11,14,fff4ff27
1098625000,11,15,0061fff2
1098635000,11,16,ff9d0139
1098645000,11,17,fe8a0049
1098655000,11,18,019efee9
1098665000,11,19,007bff1a
1098675000,11,20,ff9e028e
1098685000,11,21,ffa7fcbd
1098695000,11,22,ffd302f0
1098705000,11,23,ffd6fdc5
1098715000,11,24,006601d2
1098725000,11,25,0068ff03
1098735000,11,26,ffad001f
1098745000,11,27,ffde004a
1098755000,11,28,0163ff49
1098765000,11,29,fe2100f4
1098775000,11,30,020e0099
1098785000,11,31,fce1fda6
1103865000,12,0,011100ff
1103875000,12,1,ffaafef9
1103885000,12,2,ffcb008c
1103895000,12,3,00880041
1103905000,12,4,fe1e004c
1103915000,12,5,03df005d
1103925000,12,6,fe0cffea
1103935000,12,7,ffcfff7e
1103945000,12,8,feeaffe2
1103955000,12,9,009b0126
1103965000,12,10,0121fbe7
1103975000,12,11,ff7f05fa
1103985000,12,12,ffb2fba6
1103995000,12,13,019e00d7
1104005000,12,14,fe3f01c1
1104015000,12,15,0041fe53
1104025000,12,16,004d00ff
1104035000,12,17,0050ff6f
1104045000,12,18,fe91000a
1104055000,12,19,00a4ffc1
1104065000,12,20,0176ff82
1104075000,12,21,fdc100a9
1104085000,12,22,019e00e2
1104095000,12,23,fe93fe34
1104105000,12,24,01e80178
1104115000,12,25,ff5bffca
1104125000,12,26,ffabff6f
1104135000,12,27,ff050078
1104145000,12,28,013a0034
1104155000,12,29,001aff13
1104165000,12,30,006f00d7
1104175000,12,31,fe35feef
1109255000,13,0,fd7b0008
1109265000,13,1,033bffae
1109275000,13,2,fd51ffa5
1109285000,13,3,01630130
1109295000,13,4,fe2800b4
1109305000,13,5,04c5fd5a
1109315000,13,6,fd000282
1109325000,13,7,ff6dfe01
1109335000,13,8,00f40242
1109345000,13,9,ff9cfdef
1109355000,13,10,005cff82
1109365000,13,11,fec0031b
1109375000,13,12,0101fdca
1109385000,13,13,ffc3ffcb
1109395000,13,14,00b20040
1109405000,13,15,ffa5ff56
1109415000,13,16,00450104
1109425000,13,17,ffd9ffd2
1109435000,13,18,ff55ffc1
1109445000,13,19,ffed00a2
1109455000,13,20,ffceff24
1109465000,13,21,ffb100fc
1109475000,13,22,012cff0a
1109485000,13,23,feb90085
1109495000,13,24,02a800d2
1109505000,13,25,fd5cffb9
1109515000,13,26,0146fe8c
1109525000,13,27,fff400d3
1109535000,13,28,ffcd00d6
1109545000,13,29,ff9bfe47
1109555000,13,30,010a0208
1109565000,13,31,0001fef4
1114645000,14,0,fef10080
1114655000,14,1,01ce0054
1114665000,14,2,ffa7ffb8
1114675000,14,3,ff2100ee
1114685000,14,4,fefcff94
1114695000,14,5,0345ff9e
1114705000,14,6,fe0cffd6
1114715000,14,7,fe94009e
1114725000,14,8,01a1ff9f
1114735000,14,9,010a012f
1114745000,14,10,fea9fdd2
1114755000,14,11,0042029f
1114765000,14,12,00f6fe3f
1114775000,14,13,fe8dfe9a
1114785000,14,14,018c0126
1114795000,14,15,ffb0ffc3
1114805000,14,16,fe51011c
1114815000,14,17,01a40006
1114825000,14,18,fe27fea2
1114835000,14,19,01570100
1114845000,14,20,ff2cffe8
1114855000,14,21,0041ff1a
1114865000,14,22,01900210
1114875000,14,23,fe38fcc8
1114885000,14,24,01c90281
1114895000,14,25,fd10febb
1114905000,14,26,02cd0100
1114915000,14,27,fe66004b
1114925000,14,28,00660001
1114935000,14,29,ffc9fefa
1114945000,14,30,005400a0
1114955000,14,31,000cff1f
1120035000,15,0,fe29014e
1120045000,15,1,0220fe40
1120055000,15,2,ff6d0124
1120065000,15,3,0057fd78
1120075000,15,4,fdff02de
1120085000,15,5,0239fed3
1120095000,15,6,fefb004c
1120105000,15,7,ff7afffb
1120115000,15,8,01000097
1120125000,15,9,00150013
1120135000,15,10,fef8fe2a
1120145000,15,11,ffab0239
1120155000,15,12,0299fe0a
1120165000,15,13,fcce016d
1120175000,15,14,027bff0e
1120185000,15,15,ff220022
1120195000,15,16,ff9d0040
1120205000,15,17,00f8ff04
1120215000,15,18,fed701de
1120225000,15,19,ff5d002a
1120235000,15,20,00edff4e
1120245000,15,21,ff1d0055
1120255000,15,22,0149fe28
1120265000,15,23,002201a1
1120275000,15,24,001200c3
1120285000,15,25,007ffdf9
1120295000,15,26,ff500170
1120305000,15,27,0035ffa9
1120315000,15,28,ff430062
1120325000,15,29,fee8fed3
1120335000,15,30,02c50082
1120345000,15,31,ff46ffe6
1125425000,16,0,0011ff74
1125435000,16,1,00b30137
1125445000,16,2,fff9fed4
1125455000,16,3,ff1200a1
1125465000,16,4,fe17000f
1125475000,16,5,048b011c
1125485000,16,6,fd30fe9b
1125495000,16,7,00110000
1125505000,16,8,000500c3
1125515000,16,9,003e0018
1125525000,16,10,00fefe26
1125535000,16,11,fe59043b
1125545000,16,12,0141fb8f
1125555000,16,13,ffba00d7
1125565000,16,14,ff4d0140
1125575000,16,15,0222feaf
1125585000,16,16,fd8501dc
1125595000,16,17,0191ff6b
1125605000,16,18,ff19ff3c
1125615000,16,19,fed20087
1125625000,16,20,01fffeb7
1125635000,16,21,ff2b00f0
1125645000,16,22,0076019b
1125655000,16,23,fea5fd7e
1125665000,16,24,03a502c9
1125675000,16,25,fcdafdf2
1125685000,16,26,0144ffda
1125695000,16,27,ff4bfff1
1125705000,16,28,008100a7
1125715000,16,29,ff3cff69
1125725000,16,30,00510172
1125735000,16,31,ffe8feb7
1130815000,17,0,0152ffa7
1130825000,17,1,0116ffe7
1130835000,17,2,fdddffc7
1130845000,17,3,028d007a
1130855000,17,4,fc8eff8f
1130865000,17,5,04850073
1130875000,17,6,fca501e1
1130885000,17,7,0166fda5
1130895000,17,8,fee60012
1130905000,17,9,004f01e8
1130915000,17,10,0093fd29
1130925000,17,11,fee802d9
1130935000,17,12,016dfde6
1130945000,17,13,ffc100d5
1130955000,17,14,003dff73
1130965000,17,15,feefff3d
1130975000,17,16,01140285
1130985000,17,17,ff6cfe25
1130995000,17,18,fee300af
1131005000,17,19,008f010e
1131015000,17,20,00f4feaf
1131025000,17,21,ff79ffbb
1131035000,17,22,005500d1
1131045000,17,23,fef6fe97
1131055000,17,24,02c0024a
1131065000,17,25,fd4ffe84
1131075000,17,26,01790061
1131085000,17,27,fec4ff8b
1131095000,17,28,00950064
1131105000,17,29,0039ffbd
1131115000,17,30,01cd00db
1131125000,17,31,fc75ff53
1136205000,18,0,025c00de
1136215000,18,1,fea8ffb5
1136225000,18,2,013bff8e
1136235000,18,3,fe0d0025
1136245000,18,4,000e0077
1136255000,18,5,03890069
1136265000,18,6,fd30ffac
1136275000,18,7,01cfffc0
1136285000,18,8,fd4fffeb
1136295000,18,9,019c0136
1136305000,18,10,fefdfd85
1136315000,18,11,01a5024e
1136325000,18,12,fe99fee6
1136335000,18,13,009bff70
1136345000,18,14,016d0163
1136355000,18,15,fe47ff55
1136365000,18,16,001e0024
1136375000,18,17,017c0047
1136385000,18,18,fd35fee0
1136395000,18,19,01b301a3
1136405000,18,20,ff90fe2b
1136415000,18,21,000b0081
1136425000,18,22,005a0200
1136435000,18,23,fecdfd4c
1136445000,18,24,0337018f
1136455000,18,25,fda0ffc6
1136465000,18,26,00b30031
1136475000,18,27,fed7ff36
1136485000,18,28,0069002c
1136495000,18,29,00490116
1136505000,18,30,0229fe2d
1136515000,18,31,fc29005b
1141595000,19,0,fedc00ce
1141605000,19,1,011eff58
1141615000,19,2,ff39fff7
1141625000,19,3,01c6025e
1141635000,19,4,fd87fd00
1141645000,19,5,02da0299
1141655000,19,6,fe2afe6e
1141665000,19,7,00e00014
1141675000,19,8,fec1015e
1141685000,19,9,005ffe0f
1141695000,19,10,006300ee
1141705000,19,11,005f010a
1141715000,19,12,fee1fe63
1141725000,19,13,00b9ff7e
1141735000,19,14,0168ffee
1141745000,19,15,fed501ad
1141755000,19,16,ff20ff76
1141765000,19,17,00d2012a
1141775000,19,18,0045fe6f
1141785000,19,19,feee0044
1141795000,19,20,ffa9ffa8
1141805000,19,21,0188ffed
1141815000,19,22,002200fc
1141825000,19,23,fdb6fde0
1141835000,19,24,02e70312
1141845000,19,25,fde5fecb
1141855000,19,26,020fff60
1141865000,19,27,fdd1008c
1141875000,19,28,021bfff9
1141885000,19,29,fee1ffc8
1141895000,19,30,ffdc005c
1141905000,19,31,0031fedf
1146985000,20,0,00b901e7
1146995000,20,1,00d3feb2
1147005000,20,2,fef0ffe5
1147015000,20,3,012101b9
1147025000,20,4,fd9aff37
1147035000,20,5,047700be
1147045000,20,6,fc74fec5
1147055000,20,7,01ae00de
1147065000,20,8,feecff32
1147075000,20,9,ff80008e
1147085000,20,10,012dff4d
1147095000,20,11,ff2900f9
1147105000,20,12,0062ff50
1147115000,20,13,0067ffa4
1147125000,20,14,fff3004a
1147135000,20,15,005200c4
1147145000,20,16,ff45003f
1147155000,20,17,013dffce
1147165000,20,18,fd42ff01
1147175000,20,19,01490077
1147185000,20,20,011eff6b
1147195000,20,21,fe990054
1147205000,20,22,00ee0137
1147215000,20,23,fe44fe20
1147225000,20,24,04420224
1147235000,20,25,fc4cff2e
1147245000,20,26,0165ffdd
1147255000,20,27,ff5dfecf
1147265000,20,28,0022012a
1147275000,20,29,00ed0126
1147285000,20,30,003ffe22
1147295000,20,31,fdccff1e
1152375000,21,0,ffd9ff08
1152385000,21,1,011effc5
1152395000,21,2,fe620006
1152405000,21,3,01c30206
1152415000,21,4,fe0aff73
1152425000,21,5,01f2ff49
1152435000,21,6,ff040085
1152445000,21,7,003f001a
1152455000,21,8,ff38fece
1152465000,21,9,015e0168
1152475000,21,10,ff5efd2a
1152485000,21,11,fff1041c
1152495000,21,12,ffcffd52
1152505000,21,13,ffcc005d
1152515000,21,14,012fffbb
1152525000,21,15,ff340122
1152535000,21,16,ffc3ffc8
1152545000,21,17,015afeab
1152555000,21,18,fd90022e
1152565000,21,19,0223fe1c
1152575000,21,20,ff40ffbd
1152585000,21,21,fe940099
1152595000,21,22,0170010d
1152605000,21,23,ff27ff50
1152615000,21,24,0180fffe
1152625000,21,25,fea20060
1152635000,21,26,016cfff2
1152645000,21,27,ff6dfeaa
1152655000,21,28,013b026a
1152665000,21,29,fd86fd79
1152675000,21,30,008901bb
1152685000,21,31,0042ffbc
1157765000,22,0,fe4dfe8d
1157775000,22,1,02dcfea2
1157785000,22,2,fd63028f
1157795000,22,3,01c0fea6
1157805000,22,4,fe94ff9b
1157815000,22,5,00dc0102
1157825000,22,6,011200a9
1157835000,22,7,ffb9ff0f
1157845000,22,8,fe660004
1157855000,22,9,0178ff8e
1157865000,22,10,ff1a004c
1157875000,22,11,0020003b
1157885000,22,12,ff0cff3e
1157895000,22,13,017b01a4
1157905000,22,14,ff7afd26
1157915000,22,15,00a80302
1157925000,22,16,009dfea3
1157935000,22,17,fdc8ff34
1157945000,22,18,0199022b
1157955000,22,19,fd9efe7a
1157965000,22,20,03a40087
1157975000,22,21,fc6affd0
1157985000,22,22,01e2ff73
1157995000,22,23,ffbd00a1
1158005000,22,24,009c00bc
1158015000,22,25,ff98ff7c
1158025000,22,26,ff2eff9e
1158035000,22,27,01a200b5
1158045000,22,28,fff8ff50
1158055000,22,29,ff23ffca
1158065000,22,30,0076ffba
1158075000,22,31,ffda01de
1163155000,23,0,007e0147
1163165000,23,1,fefffe5d
1163175000,23,2,fff601ac
1163185000,23,3,0045ff70
1163195000,23,4,ff92ff4c
1163205000,23,5,0134016b
1163215000,23,6,ff82ffa2
1163225000,23,7,006900e7
1163235000,23,8,fdfcfd5f
1163245000,23,9,021a0295
1163255000,23,10,fe61fd65
1163265000,23,11,010d03e8
1163275000,23,12,00ccfd2b
1163285000,23,13,fef30048
1163295000,23,14,01b0ff65
1163305000,23,15,fe500155
1163315000,23,16,ffcaff0d
1163325000,23,17,0185ff5f
1163335000,23,18,fdc20278
1163345000,23,19,0089fe84
1163355000,23,20,0190fed0
1163365000,23,21,fdf40229
1163375000,23,22,010cff94
1163385000,23,23,0109febf
1163395000,23,24,ff640019
1163405000,23,25,00260103
1163415000,23,26,ff570117
1163425000,23,27,002dfc68
1163435000,23,28,0002036d
1163445000,23,29,ff69fcd0
1163455000,23,30,00ca0385
1163465000,23,31,ffdefd81
1168545000,24,0,fed5001f
1168555000,24,1,02bd00bd
1168565000,24,2,fd3d00f4
1168575000,24,3,0179fe5f
1168585000,24,4,fcde0399
1168595000,24,5,04e8fce3
1168605000,24,6,fdc0011a
1168615000,24,7,fffeffe1
1168625000,24,8,0065fe7c
1168635000,24,9,ffdf021d
1168645000,24,10,ff61fd96
1168655000,24,11,00ea03f5
1168665000,24,12,0000fcc4
1168675000,24,13,fe6b0075
1168685000,24,14,02d2ffc7
1168695000,24,15,fe2700c3
1168705000,24,16,004dfffd
1168715000,24,17,0195ff7f
1168725000,24,18,fd8f00d8
1168735000,24,19,fff1fef3
1168745000,24,20,01c8ffe7
1168755000,24,21,fe9e0067
1168765000,24,22,009effc4
1168775000,24,23,feceffc1
1168785000,24,24,01d901a0
1168795000,24,25,006bfef3
1168805000,24,26,fd93ffe2
1168815000,24,27,029cffc5
1168825000,24,28,fdd2001c
1168835000,24,29,006b008d
1168845000,24,30,00b8009f
1168855000,24,31,ffa5fdd7
1173935000,25,0,02bf00eb
1173945000,25,1,ff90ff24
1173955000,25,2,fed8fff8
1173965000,25,3,00f40010
1173975000,25,4,ff790169
1173985000,25,5,0095ff1d
1173995000,25,6,ff5fff16
1174005000,25,7,011f01c7
1174015000,25,8,fe41fe2e
1174025000,25,9,004201ca
1174035000,25,10,00fafeab
1174045000,25,11,fd93020a
1174055000,25,12,0358fcd2
1174065000,25,13,fe7a0261
1174075000,25,14,00e9fe55
1174085000,25,15,00250086
1174095000,25,16,feab017b
1174105000,25,17,005cfe5a
1174115000,25,18,fe9401ca
1174125000,25,19,0176fed2
1174135000,25,20,005bffe5
1174145000,25,21,ff210041
1174155000,25,22,01110036
1174165000,25,23,fef3ff95
1174175000,25,24,021500cc
1174185000,25,25,ff3afecc
1174195000,25,26,ff4a0223
1174205000,25,27,ff4ffc08
1174215000,25,28,01cc0340
1174225000,25,29,fec00045
1174235000,25,30,018ffe3f
1174245000,25,31,fcd5ffe2
1179325000,26,0,007bfe19
1179335000,26,1,ffc7037b
1179345000,26,2,0093fdb5
1179355000,26,3,ff5a0029
1179365000,26,4,ff590087
1179375000,26,5,027e00e8
1179385000,26,6,fe3eff26
1179395000,26,7,0052ffbd
1179405000,26,8,004bffac
1179415000,26,9,ff1302ad
1179425000,26,10,0154fca4
1179435000,26,11,fe400272
1179445000,26,12,01b6fcc1
1179455000,26,13,00a00290
1179465000,26,14,fdc2fed6
1179475000,26,15,023801c9
1179485000,26,16,fe55fe33
1179495000,26,17,0153015f
1179505000,26,18,fe5dfef1
1179515000,26,19,007600db
1179525000,26,20,012ffe49
1179535000,26,21,fea60136
1179545000,26,22,015e00d8
1179555000,26,23,feacfd3f
1179565000,26,24,00e90334
1179575000,26,25,fee3fd4d
1179585000,26,26,01cc01ee
1179595000,26,27,fefcff26
1179605000,26,28,fede023b
1179615000,26,29,0224fcae
1179625000,26,30,ff8200ac
1179635000,26,31,feb600bf
1184715000,27,0,01d201ce
1184725000,27,1,ff8cff8a
1184735000,27,2,000b0004
1184745000,27,3,ff6201d7
1184755000,27,4,ffb5febb
1184765000,27,5,030c008e
1184775000,27,6,fbecffcc
1184785000,27,7,01d5ff28
1184795000,27,8,0098ff17
1184805000,27,9,ffc202de
1184815000,27,10,ffa5fcdd
1184825000,27,11,00710194
1184835000,27,12,ff21ffd2
1184845000,27,13,01b70013
1184855000,27,14,fd460060
1184865000,27,15,01edff46
1184875000,27,16,fe6600f6
1184885000,27,17,025cfed0
1184895000,27,18,fe59ffa2
1184905000,27,19,ff6801df
1184915000,27,20,00d9fd63
1184925000,27,21,ff980236
1184935000,27,22,01140026
1184945000,27,23,ff13ff9a
1184955000,27,24,ffcc0035
1184965000,27,25,0002ffa4
1184975000,27,26,01ab0035
1184985000,27,27,fe1dff46
1184995000,27,28,012d0180
1185005000,27,29,fea9feb5
1185015000,27,30,02de0206
1185025000,27,31,fcd3fc70
1190105000,28,0,013b0085
1190115000,28,1,ffae001b
1190125000,28,2,ff8dff4e
1190135000,28,3,016d0126
1190145000,28,4,fd67ff8a
1190155000,28,5,03c7006f
1190165000,28,6,fe9d008f
1190175000,28,7,fe64fea1
1190185000,28,8,00900131
1190195000,28,9,0056ff45
1190205000,28,10,ff71fe7e
1190215000,28,11,023f0519
1190225000,28,12,fda6fa76
1190235000,28,13,01f201f8
1190245000,28,14,feb60026
1190255000,28,15,00300028
1190265000,28,16,0123ff1d
1190275000,28,17,fef200a9
1190285000,28,18,feef0056
1190295000,28,19,010dff50
1190305000,28,20,ffe3ffb4
1190315000,28,21,fffb00df
1190325000,28,22,ff630049
1190335000,28,23,00e2ff45
1190345000,28,24,016a001d
1190355000,28,25,fdce0053
1190365000,28,26,0147fe66
1190375000,28,27,fde70251
1190385000,28,28,02b0fe5c
1190395000,28,29,fe080056
1190405000,28,30,01de018a
1190415000,28,31,fdaafe0a
1195495000,29,0,00a6fec6
1195505000,29,1,005d0209
1195515000,29,2,feadfe45
1195525000,29,3,00f801bf
1195535000,29,4,feb6012b
1195545000,29,5,0279fd41
1195555000,29,6,feaa01aa
1195565000,29,7,ff69feb6
1195575000,29,8,01570175
1195585000,29,9,fe7efe1f
1195595000,29,10,017800bb
1195605000,29,11,fe170248
1195615000,29,12,01c9fd55
1195625000,29,13,ff2effab
1195635000,29,14,00c70242
1195645000,29,15,fff7fd39
1195655000,29,16,ffb40276
1195665000,29,17,00a3ff33
1195675000,29,18,fd7b002f
1195685000,29,19,0258ffb5
1195695000,29,20,fed8ff0d
1195705000,29,21,ffe50119
1195715000,29,22,0092002c
1195725000,29,23,ffe9ffd8
1195735000,29,24,0177ff3f
1195745000,29,25,ff0e011d
1195755000,29,26,ff08ff49
1195765000,29,27,00a1018c
1195775000,29,28,0091fd1b
1195785000,29,29,fee00283
1195795000,29,30,0115fee8
1195805000,29,31,fee7ffe1
1200885000,30,0,000700e2
1200895000,30,1,ffe1fe96
1200905000,30,2,000a0195
1200915000,30,3,0071ffde
1200925000,30,4,ff2dffb1
1200935000,30,5,0249006d
1200945000,30,6,fea1fff2
1200955000,30,7,fee2ff88
1200965000,30,8,01d70006
1200975000,30,9,ffcb00a8
1200985000,30,10,ff05fd6c
1200995000,30,11,000e0371
1201005000,30,12,ffeefe16
1201015000,30,13,019fffaf
1201025000,30,14,fdf300d2
1201035000,30,15,0174fefe
1201045000,30,16,ffdd012a
1201055000,30,17,00d7feee
1201065000,30,18,fdd6009d
1201075000,30,19,000d0084
1201085000,30,20,0003febd
1201095000,30,21,fee700e7
1201105000,30,22,0413fff8
1201115000,30,23,fcd0feca
1201125000,30,24,00e901b6
1201135000,30,25,ff39ff7c
1201145000,30,26,013fffc2
1201155000,30,27,ffe400cd
1201165000,30,28,ff4600ac
1201175000,30,29,001dfddd
1201185000,30,30,008d00fc
1201195000,30,31,ff62ff78
1206275000,31,0,fe05ff1e
1206285000,31,1,03b2ff97
1206295000,31,2,fb7c00f4
1206305000,31,3,037cfeae
1206315000,31,4,ffb900ae
1206325000,31,5,ffc2ffa7
1206335000,31,6,00190204
1206345000,31,7,ff4bfe43
1206355000,31,8,fffd0053
1206365000,31,9,00a3ffe8
1206375000,31,10,fe760006
1206385000,31,11,010b00c7
1206395000,31,12,018ffe86
1206405000,31,13,ff1300cd
1206415000,31,14,0054ff36
1206425000,31,15,fec400e8
1206435000,31,16,017bfeb4
1206445000,31,17,fe4600a5
1206455000,31,18,00de01d6
1206465000,31,19,ff9efe12
1206475000,31,20,ffc5ffbe
1206485000,31,21,004e013d
1206495000,31,22,00fbff16
1206505000,31,23,ff23001b
1206515000,31,24,ff67ffbf
1206525000,31,25,00b9018c
1206535000,31,26,0090feac
1206545000,31,27,ffc70075
1206555000,31,28,ffd7ff9a
1206565000,31,29,fec9ff5f
1206575000,31,30,01d00094
1206585000,31,31,ff42012e
1211665000,32,0,00850156
1211675000,32,1,0021fdec
1211685000,32,2,01460171
1211695000,32,3,fde400f1
1211705000,32,4,0031fe5d
1211715000,32,5,01a60238
1211725000,32,6,fe38fdc6
1211735000,32,7,00fe010a
1211745000,32,8,fefcfece
1211755000,32,9,019601dc
1211765000,32,10,fe7efd0f
1211775000,32,11,fffa04cf
1211785000,32,12,0080fd3c
1211795000,32,13,ff8dfed6
1211805000,32,14,018d0272
1211815000,32,15,ff88fd88
1211825000,32,16,ff4501d0
1211835000,32,17,fe8f0042
1211845000,32,18,029eff5f
1211855000,32,19,ffac008b
1211865000,32,20,fe6bff49
1211875000,32,21,00bc002e
1211885000,32,22,00d6ffc6
1211895000,32,23,fe14ff7e
1211905000,32,24,03da02dc
1211915000,32,25,fcc6fdce
1211925000,32,26,01c2ffe9
1211935000,32,27,ff0e0015
1211945000,32,28,00f400a6
1211955000,32,29,fefdfdec
1211965000,32,30,01210232
1211975000,32,31,fe46fe40
1217055000,33,0,0106024a
1217065000,33,1,ff6b0039
1217075000,33,2,0068fed2
1217085000,33,3,0049006e
1217095000,33,4,fe150071
1217105000,33,5,02e5ffc2
1217115000,33,6,feb2fe82
1217125000,33,7,005a02e8
1217135000,33,8,feb2fdc8
1217145000,33,9,00a40092
1217155000,33,10,0063feae
1217165000,33,11,006102ba
1217175000,33,12,ff48fde6
1217185000,33,13,ff9afff0
1217195000,33,14,00a70182
1217205000,33,15,004fff83
1217215000,33,16,ff42ffdc
1217225000,33,17,0015ffc9
1217235000,33,18,ffa0fffe
1217245000,33,19,011d0054
1217255000,33,20,fdc30069
1217265000,33,21,02c5fef0
1217275000,33,22,ff2e00c8
1217285000,33,23,fec6fea6
1217295000,33,24,026e0322
1217305000,33,25,fdd0fda8
1217315000,33,26,01810132
1217325000,33,27,fec10014
1217335000,33,28,00a0fe60
1217345000,33,29,009000f2
1217355000,33,30,00e5ff84
1217365000,33,31,fdc1fe5f
1222445000,34,0,01bafea7
1222455000,34,1,fea8028a
1222465000,34,2,00ecfdf1
1222475000,34,3,ff0b0185
1222485000,34,4,ff24fdf4
1222495000,34,5,0296026a
1222505000,34,6,fed8ff87
1222515000,34,7,0061ffbd
1222525000,34,8,ff720072
1222535000,34,9,ff5dff2b
1222545000,34,10,0163ff86
1222555000,34,11,fe5b004f
1222565000,34,12,00fd009a
1222575000,34,13,00adfda6
1222585000,34,14,fe4d03a2
1222595000,34,15,01c7fe77
1222605000,34,16,fde8003d
1222615000,34,17,01e2ffdc
1222625000,34,18,fee20027
1222635000,34,19,0069003f
1222645000,34,20,ffd6fed0
1222655000,34,21,ffc8011a
1222665000,34,22,00180081
1222675000,34,23,ffbbfd97
1222685000,34,24,01c8034a
1222695000,34,25,ff81ff13
1222705000,34,26,ff1bff42
1222715000,34,27,007dffb5
1222725000,34,28,ffbd0042
1222735000,34,29,ff35009a
1222745000,34,30,03470016
1222755000,34,31,fcc9ff25
1227835000,35,0,014601d3
1227845000,35,1,febaff5d
1227855000,35,2,017d00aa
1227865000,35,3,fe6000dc
1227875000,35,4,0096fdc2
1227885000,35,5,00740214
1227895000,35,6,006dff1e
1227905000,35,7,ff53fff7
1227915000,35,8,ff4d0082
1227925000,35,9,013effa1
1227935000,35,10,fe29ffe7
1227945000,35,11,02b200f3
1227955000,35,12,fdc3fe2b
1227965000,35,13,017aff33
1227975000,35,14,ff4202a7
1227985000,35,15,004cff02
1227995000,35,16,ffce0017
1228005000,35,17,ff4e0027
1228015000,35,18,ff85011a
1228025000,35,19,0220fe62
1228035000,35,20,fdd6ff72
1228045000,35,21,02700160
1228055000,35,22,fe170016
1228065000,35,23,ffdbfedf
1228075000,35,24,01c70094
1228085000,35,25,fef601e7
1228095000,35,26,0019fca1
1228105000,35,27,ffca028f
1228115000,35,28,00f9ff51
1228125000,35,29,fec6ffb5
1228135000,35,30,01b60109
1228145000,35,31,fe1afd20
1233225000,36,0,007801e9
1233235000,36,1,0086ff40
1233245000,36,2,ffbeff5c
1233255000,36,3,ffd50279
1233265000,36,4,ff49fe54
1233275000,36,5,036300b5
1233285000,36,6,fd64ff56
1233295000,36,7,004100d0
1233305000,36,8,ffe6fee9
1233315000,36,9,ffc10056
1233325000,36,10,0098ff8a
1233335000,36,11,ff7d01ab
1233345000,36,12,001dfe0d
1233355000,36,13,000900b8
1233365000,36,14,003bfff6
1233375000,36,15,001b004d
1233385000,36,16,ff960065
1233395000,36,17,01c2ff9c
1233405000,36,18,fce2fff2
1233415000,36,19,01490037
1233425000,36,20,0025ff80
1233435000,36,21,ffebff65
1233445000,36,22,00360222
1233455000,36,23,fe3dfd12
1233465000,36,24,050003c1
1233475000,36,25,fb8bfdce
1233485000,36,26,00fc00c0
1233495000,36,27,00a1ff19
1233505000,36,28,ff310037
1233515000,36,29,018d0086
1233525000,36,30,0067002a
1233535000,36,31,fd93fdc5
1238615000,37,0,01fd02a1
1238625000,37,1,ff40ff2d
1238635000,37,2,00d0ffc6
1238645000,37,3,ff04ffc6
1238655000,37,4,fee20245
1238665000,37,5,0294fde9
1238675000,37,6,fe37ff69
1238685000,37,7,00960156
1238695000,37,8,ff9eff98
1238705000,37,9,ffd6ffdb
1238715000,37,10,00daff01
1238725000,37,11,ff300373
1238735000,37,12,00b5fcaf
1238745000,37,13,ff520074
1238755000,37,14,0188006e
1238765000,37,15,fefeffda
1238775000,37,16,ff3fff8f
1238785000,37,17,00e8010b
1238795000,37,18,fde0ff8a
1238805000,37,19,02c800ca
1238815000,37,20,fdcaff2b
1238825000,37,21,0186ff8f
1238835000,37,22,ffaf00a1
1238845000,37,23,fed2ff88
1238855000,37,24,025e01dc
1238865000,37,25,fe96fe2d
1238875000,37,26,00b200ab
1238885000,37,27,00040079
1238895000,37,28,fefffeb5
1238905000,37,29,01100054
1238915000,37,30,ff0e0164
1238925000,37,31,ff3afcfc
1244005000,38,0,ff62027c
1244015000,38,1,0190fddc
1244025000,38,2,fe3b015c
1244035000,38,3,006b0058
1244045000,38,4,ff58fe24
1244055000,38,5,00a5019e
1244065000,38,6,00ed0119
1244075000,38,7,ff08fd8c
1244085000,38,8,00ca0252
1244095000,38,9,fff8fe99
1244105000,38,10,fed4ffbd
1244115000,38,11,0025003f
1244125000,38,12,002affc1
1244135000,38,13,0098005f
1244145000,38,14,ff00ff74
1244155000,38,15,016401cf
1244165000,38,16,0094fe6c
1244175000,38,17,fdf600b2
1244185000,38,18,005bff60
1244195000,38,19,00330132
1244205000,38,20,0194fe30
1244215000,38,21,fd490182
1244225000,38,22,00fbff4f
1244235000,38,23,ffdeffaa
1244245000,38,24,01d4005e
1244255000,38,25,fec601ad
1244265000,38,26,ffe6fd3b
1244275000,38,27,00d50243
1244285000,38,28,fec6ff9b
1244295000,38,29,01c6fdfd
1244305000,38,30,fdf80238
1244315000,38,31,00eefd8f
1249395000,39,0,006f0178
1249405000,39,1,fe1afeea
1249415000,39,2,02410061
1249425000,39,3,fdfd008f
1249435000,39,4,ffd0ffda
1249445000,39,5,02a1ff85
1249455000,39,6,fca00051
1249465000,39,7,0298013b
1249475000,39,8,ff77fddb
1249485000,39,9,feaf020d
1249495000,39,10,0189fd55
1249505000,39,11,ffff034d
1249515000,39,12,ffd8fdca
1249525000,39,13,ff52ff4b
1249535000,39,14,015000db
1249545000,39,15,fedd00c3
1249555000,39,16,001fffac
1249565000,39,17,ff9effec
1249575000,39,18,ffe1ff2f
1249585000,39,19,ffef00e5
1249595000,39,20,0058ff2c
1249605000,39,21,009dffdf
1249615000,39,22,ff640263
1249625000,39,23,0108fe99
1249635000,39,24,ff77ffdd
1249645000,39,25,ff0d003d
1249655000,39,26,0065ffb7
1249665000,39,27,0139ff2f
1249675000,39,28,fd74008c
1249685000,39,29,025cfff9
1249695000,39,30,feec024d
1249705000,39,31,00bffd01
1254785000,40,0,00830251
1254795000,40,1,fff6fea9
1254805000,40,2,01000119
1254815000,40,3,ffc3ff46
1254825000,40,4,fd0d01c8
1254835000,40,5,0566fd73
1254845000,40,6,fd20019f
1254855000,40,7,0029ff04
1254865000,40,8,003400e2
1254875000,40,9,fead008b
1254885000,40,10,021bfd92
1254895000,40,11,fe6a040b
1254905000,40,12,015dfc27
1254915000,40,13,fef90023
1254925000,40,14,01a50118
1254935000,40,15,ff160035
1254945000,40,16,ff910017
1254955000,40,17,001eff1d
1254965000,40,18,ffc200fb
1254975000,40,19,ffd7ff6a
1254985000,40,20,0101ff0c
1254995000,40,21,fea40191
1255005000,40,22,0120fea1
1255015000,40,23,fe090072
1255025000,40,24,02a001ea
1255035000,40,25,fed3fecf
1255045000,40,26,ffb7fe2e
1255055000,40,27,01880211
1255065000,40,28,fdbdff11
1255075000,40,29,01c100a1
1255085000,40,30,ff970044
1255095000,40,31,feb4fdf1
1260175000,41,0,02e1ffe9
1260185000,41,1,fe9dffcf
1260195000,41,2,0095ffe3
1260205000,41,3,ff1dff8e
1260215000,41,4,ffdc0132
1260225000,41,5,0213008b
1260235000,41,6,fec4005d
1260245000,41,7,ff9cfd72
1260255000,41,8,01990168
1260265000,41,9,fe4a0167
1260275000,41,10,0161fd42
1260285000,41,11,fd260207
1260295000,41,12,02cbfe9c
1260305000,41,13,ff3cfff1
1260315000,41,14,ffc70110
1260325000,41,15,0113ff1b
1260335000,41,16,fee5016b
1260345000,41,17,01dfff27
1260355000,41,18,fcdbffd3
1260365000,41,19,020900d8
1260375000,41,20,feb8fde6
1260385000,41,21,00bd00d3
1260395000,41,22,00100117
1260405000,41,23,ffa8ffaa
1260415000,41,24,003d0008
1260425000,41,25,00b2008b
1260435000,41,26,ffa7fe00
1260445000,41,27,fff80157
1260455000,41,28,ffbd0050
1260465000,41,29,ffecff79
1260475000,41,30,01a5fffc
1260485000,41,31,fc850015
1265565000,42,0,02a1004d
1265575000,42,1,fe0affd1
1265585000,42,2,0099005d
1265595000,42,3,00e3ffba
1265605000,42,4,fe7fffe0
1265615000,42,5,01d40117
1265625000,42,6,fe51fee0
1265635000,42,7,01d20025
1265645000,42,8,fdd10017
1265655000,42,9,01c20091
1265665000,42,10,febdff2b
1265675000,42,11,0078011e
1265685000,42,12,0082fdfc
1265695000,42,13,ff9a0068
1265705000,42,14,013f0167
1265715000,42,15,fe73ffc5
1265725000,42,16,0057fec5
1265735000,42,17,014600c1
1265745000,42,18,fcad0087
1265755000,42,19,0219fe98
1265765000,42,20,ff47005e
1265775000,42,21,ffaa00a7
1265785000,42,22,02df00aa
1265795000,42,23,fd62fef7
1265805000,42,24,008b0103
1265815000,42,25,0052ff11
1265825000,42,26,00650065
1265835000,42,27,ff4cfe74
1265845000,42,28,002c027a
1265855000,42,29,ff24ff0e
1265865000,42,30,0241ff8b
1265875000,42,31,fd190003
1270955000,43,0,0245013c
1270965000,43,1,ff15007d
1270975000,43,2,0062ff2d
1270985000,43,3,0047ff51
1270995000,43,4,fddf01e1
1271005000,43,5,03a20045
1271015000,43,6,fd8fff2a
1271025000,43,7,feebff95
1271035000,43,8,02de00f3
1271045000,43,9,fe64ff95
1271055000,43,10,0172ff4e
1271065000,43,11,fe0e00a1
1271075000,43,12,00f0fe6c
1271085000,43,13,00af0155
1271095000,43,14,fe6c0113
1271105000,43,15,01b3ff08
1271115000,43,16,febd0006
1271125000,43,17,011300d9
1271135000,43,18,fe7cfdad
1271145000,43,19,01ef0267
1271155000,43,20,fd9bfd6d
1271165000,43,21,016e025b
1271175000,43,22,00bdfef8
1271185000,43,23,fe9d00bb
1271195000,43,24,0090fff7
1271205000,43,25,0044fe4d
1271215000,43,26,fff401cc
1271225000,43,27,ff80ff93
1271235000,43,28,00fe0032
1271245000,43,29,fee1ffd3
1271255000,43,30,01ac002f
1271265000,43,31,fd11fe4c
1276345000,44,0,02f0ff4a
1276355000,44,1,fd6c0080
1276365000,44,2,0171ffaa
1276375000,44,3,ffd80018
1276385000,44,4,fef50055
1276395000,44,5,0361fed7
1276405000,44,6,fe080211
1276415000,44,7,ff02fe1e
1276425000,44,8,006c01d8
1276435000,44,9,0080fefa
1276445000,44,10,0048ff14
1276455000,44,11,ffc00371
1276465000,44,12,ffb7fc44
1276475000,44,13,027a00f6
1276485000,44,14,fc26fff7
1276495000,44,15,0200ff18
1276505000,44,16,00140180
1276515000,44,17,002cffe6
1276525000,44,18,fe4ffeda
1276535000,44,19,019000ae
1276545000,44,20,ff91ffcf
1276555000,44,21,ff470019
1276565000,44,22,017601ff
1276575000,44,23,feb4fc62
1276585000,44,24,00580276
1276595000,44,25,ff84ffac
1276605000,44,26,0174fea8
1276615000,44,27,fe6c014d
1276625000,44,28,013bfeb8
1276635000,44,29,ff5a0106
1276645000,44,30,01700061
1276655000,44,31,fcce000c
1281735000,45,0,00300031
1281745000,45,1,010f0051
1281755000,45,2,fe6afec9
1281765000,45,3,01dc00cf
1281775000,45,4,fd040057
1281785000,45,5,03ddfffa
1281795000,45,6,fe390184
1281805000,45,7,ffb8fc5e
1281815000,45,8,00f7030c
1281825000,45,9,0036ff3b
1281835000,45,10,fe34fed8
1281845000,45,11,00b90154
1281855000,45,12,ff7afe23
1281865000,45,13,0196022c
1281875000,45,14,ffdafe4d
1281885000,45,15,fe6b0197
1281895000,45,16,030efeab
1281905000,45,17,fdb1004f
1281915000,45,18,ff8200f9
1281925000,45,19,ffa0ff5f
1281935000,45,20,00f0fef7
1281945000,45,21,002100aa
1281955000,45,22,008b00b8
1281965000,45,23,feb8feb0
1281975000,45,24,01030180
1281985000,45,25,ff760019
1281995000,45,26,00a4fdfa
1282005000,45,27,ff8b026e
1282015000,45,28,001aff67
1282025000,45,29,0030febc
1282035000,45,30,006e0053
1282045000,45,31,fea5003b
1287125000,46,0,00e5ff14
1287135000,46,1,001bfff7
1287145000,46,2,008a0015
1287155000,46,3,ff41ffeb
1287165000,46,4,ff700011
1287175000,46,5,01e900d7
1287185000,46,6,fec4005c
1287195000,46,7,ffb1fdf4
1287205000,46,8,00db00f1
1287215000,46,9,00ca007c
1287225000,46,10,fe81feb9
1287235000,46,11,ffcd00da
1287245000,46,12,009dfff4
1287255000,46,13,ffdfff51
1287265000,46,14,0028011e
1287275000,46,15,fff1fee3
1287285000,46,16,008d0148
1287295000,46,17,0173fdf7
1287305000,46,18,fb9401f1
1287315000,46,19,0335ffbb
1287325000,46,20,fd96fed9
1287335000,46,21,0193fff9
1287345000,46,22,ffe6017c
1287355000,46,23,ff8bfeee
1287365000,46,24,0157010b
1287375000,46,25,fe2cff9e
1287385000,46,26,02ddff91
1287395000,46,27,fd4d0120
1287405000,46,28,00c9feca
1287415000,46,29,0039008f
1287425000,46,30,0062fe5a
1287435000,46,31,fe6b0243
1292515000,47,0,fd830002
1292525000,47,1,03ea0056
1292535000,47,2,fd44001a
1292545000,47,3,0187ffdb
1292555000,47,4,fe6eff06
1292565000,47,5,002300ac
1292575000,47,6,012800da
1292585000,47,7,ff1dff12
1292595000,47,8,006600e4
1292605000,47,9,ffc3ff53
1292615000,47,10,0026ff9b
1292625000,47,11,fe8f011d
1292635000,47,12,0209fe83
1292645000,47,13,fe960019
1292655000,47,14,01ce0078
1292665000,47,15,fefc0202
1292675000,47,16,0093fd70
1292685000,47,17,fe7a0010
1292695000,47,18,ff580140
1292705000,47,19,01850019
1292715000,47,20,0022fed6
1292725000,47,21,feb10186
1292735000,47,22,00eafe0e
1292745000,47,23,0191023a
1292755000,47,24,fdd0ff7a
1292765000,47,25,0195ff8b
1292775000,47,26,ff6a001f
1292785000,47,27,0065feff
1292795000,47,28,000301d1
1292805000,47,29,feaafdf9
1292815000,47,30,010c01ac
1292825000,47,31,0086fefa
1297905000,48,0,002700a4
1297915000,48,1,0039ff63
1297925000,48,2,01020041
1297935000,48,3,fed60071
1297945000,48,4,fe0cfef8
1297955000,48,5,04a80230
1297965000,48,6,fd18fe36
1297975000,48,7,ff51003d
1297985000,48,8,01590022
1297995000,48,9,fef1ffd2
1298005000,48,10,012bff00
1298015000,48,11,ffc1049f
1298025000,48,12,001efb49
1298035000,48,13,ff7000ef
1298045000,48,14,0082000d
1298055000,48,15,0122ffec
1298065000,48,16,fdcd0040
1298075000,48,17,013b00cf
1298085000,48,18,febefec3
1298095000,48,19,011a0151
1298105000,48,20,ff6effd4
1298115000,48,21,004cfe68
1298125000,48,22,00760182
1298135000,48,23,fe3dfe8b
1298145000,48,24,0407026a
1298155000,48,25,fc3ffdbc
1298165000,48,26,01850184
1298175000,48,27,000bff13
1298185000,48,28,ff9c00b3
1298195000,48,29,ffd0feb9
1298205000,48,30,006800db
1298215000,48,31,ff4cff78
1303295000,49,0,011600f2
1303305000,49,1,00a4004f
1303315000,49,2,fec5fe95
1303325000,49,3,01ac0301
1303335000,49,4,fca9fe4d
1303345000,49,5,04a0ff58
1303355000,49,6,fca400f0
1303365000,49,7,014fff8c
1303375000,49,8,ffdcff50
1303385000,49,9,fee00059
1303395000,49,10,020f000d
1303405000,49,11,ff310188
1303415000,49,12,ff23fe33
1303425000,49,13,0099001c
1303435000,49,14,ffb00036
1303445000,49,15,00df0017
1303455000,49,16,fe9200b0
1303465000,49,17,01bafe6d
1303475000,49,18,fe4f0185
1303485000,49,19,00480075
1303495000,49,20,008bfe5d
1303505000,49,21,ff52004e
1303515000,49,22,0120009e
1303525000,49,23,fe23fe7c
1303535000,49,24,0338035e
1303545000,49,25,fd56fe1b
1303555000,49,26,013500b1
1303565000,49,27,ff5ffe7e
1303575000,49,28,0015015b
1303585000,49,29,0081ff7e
1303595000,49,30,012cff7c
1303605000,49,31,fd6bff55
1308685000,50,0,00740231
1308695000,50,1,ffd1ffeb
1308705000,50,2,00cffed8
1308715000,50,3,fedbffa5
1308725000,50,4,007a007a
1308735000,50,5,015a00c1
1308745000,50,6,fdb8ff1d
1308755000,50,7,01f901bd
1308765000,50,8,fe94fe35
1308775000,50,9,0050020e
1308785000,50,10,ff56fd7f
1308795000,50,11,015c0193
1308805000,50,12,0000fe26
1308815000,50,13,ff0700a1
1308825000,50,14,018101d5
1308835000,50,15,fee6fe14
1308845000,50,16,ff1aff9d
1308855000,50,17,014f01cd
1308865000,50,18,febbff6a
1308875000,50,19,00cf017b
1308885000,50,20,fea4fd92
1308895000,50,21,02b0011b
1308905000,50,22,ff120053
1308915000,50,23,fe3bfde1
1308925000,50,24,02c202c5
1308935000,50,25,fe70fe52
1308945000,50,26,005c021f
1308955000,50,27,ffd2fd55
1308965000,50,28,0036023e
1308975000,50,29,ff8ffdd3
1308985000,50,30,01d10233
1308995000,50,31,fdfefd4e
1314075000,51,0,007affa0
1314085000,51,1,00baffa0
1314095000,51,2,ff4300ef
1314105000,51,3,01b50145
1314115000,51,4,fca4fdff
1314125000,51,5,04890269
1314135000,51,6,fe09fdb9
1314145000,51,7,ffdc0133
1314155000,51,8,ff40ff12
1314165000,51,9,003000cc
1314175000,51,10,0002ff43
1314185000,51,11,015d0059
1314195000,51,12,fe79ffed
1314205000,51,13,007dff48
1314215000,51,14,00fdfff7
1314225000,51,15,ff480193
1314235000,51,16,ff78ff10
1314245000,51,17,0050015e
1314255000,51,18,ff4dfec7
1314265000,51,19,00ddff37
1314275000,51,20,ff0a0181
1314285000,51,21,0161fe13
1314295000,51,22,ffb101a5
1314305000,51,23,fe72fe01
1314315000,51,24,02660452
1314325000,51,25,fe0efd06
1314335000,51,26,018aff87
1314345000,51,27,fe6d01b3
1314355000,51,28,0219000f
1314365000,51,29,fe91fdd4
1314375000,51,30,01f501db
1314385000,51,31,fd2eff09
1319465000,52,0,0064005c
1319475000,52,1,00b201e3
1319485000,52,2,ff23fe28
1319495000,52,3,00de0148
1319505000,52,4,fd6c0047
1319515000,52,5,04f6ff85
1319525000,52,6,fcf3fef3
1319535000,52,7,003a01d4
1319545000,52,8,0024fe17
1319555000,52,9,ffd5017f
1319565000,52,10,ffaaff6d
1319575000,52,11,00c3007c
1319585000,52,12,007dfeab
1319595000,52,13,fea0005b
1319605000,52,14,01260019
1319615000,52,15,ff85ff9d
1319625000,52,16,003a0192
1319635000,52,17,00cc0069
1319645000,52,18,fcd1fddc
1319655000,52,19,02d4ff8c
1319665000,52,20,ff720217
1319675000,52,21,febefe75
1319685000,52,22,02110093
1319695000,52,23,fceefff4
1319705000,52,24,03e6010f
1319715000,52,25,fda5ff35
1319725000,52,26,008600ab
1319735000,52,27,0057fe50
1319745000,52,28,ff35013b
1319755000,52,29,0124008b
1319765000,52,30,ffbaff5d
1319775000,52,31,fed7feab
1324855000,53,0,01010313
1324865000,53,1,ff45fd18
1324875000,53,2,00340173
1324885000,53,3,007d0148
1324895000,53,4,fec7fff8
1324905000,53,5,0118feb5
1324915000,53,6,00bbffe6
1324925000,53,7,ff1900a2
1324935000,53,8,ff04ff44
1324945000,53,9,017000b0
1324955000,53,10,fee2feb3
1324965000,53,11,00e30468
1324975000,53,12,ffd9fade
1324985000,53,13,fff301e9
1324995000,53,14,0092ff14
1325005000,53,15,ff9000e9
1325015000,53,16,00d30039
1325025000,53,17,fea7ff84
1325035000,53,18,ffb6013d
1325045000,53,19,011ffe5c
1325055000,53,20,ff75ffde
1325065000,53,21,ffa6003d
1325075000,53,22,003f0090
1325085000,53,23,ffdbffa0
1325095000,53,24,00ac00b0
1325105000,53,25,000cffe4
1325115000,53,26,0048ff65
1325125000,53,27,ff490060
1325135000,53,28,ffe7012c
1325145000,53,29,0137fcd5
1325155000,53,30,fe0002de
1325165000,53,31,0044fd39
1330245000,54,0,ffb4fef6
1330255000,54,1,0179ffdc
1330265000,54,2,ff2400bd
1330275000,54,3,ffd5fed5
1330285000,54,4,00870338
1330295000,54,5,0057fce2
1330305000,54,6,ffa00102
1330315000,54,7,ffd6feda
1330325000,54,8,ffaa01d4
1330335000,54,9,00e4fec3
1330345000,54,10,ff6100e3
1330355000,54,11,fed00091
1330365000,54,12,0276fe0c
1330375000,54,13,fde100f8
1330385000,54,14,01790002
1330395000,54,15,ffa3ff3d
1330405000,54,16,ff520100
1330415000,54,17,0141ffbe
1330425000,54,18,fed601d1
1330435000,54,19,00a7fdbf
1330445000,54,20,ff31009e
1330455000,54,21,ffc90050
1330465000,54,22,0140fde4
1330475000,54,23,ff90031e
1330485000,54,24,005cfeee
1330495000,54,25,0012ffdb
1330505000,54,26,002dff43
1330515000,54,27,ff8401cf
1330525000,54,28,ffe6febe
1330535000,54,29,ffc7000e
1330545000,54,30,027ffeac
1330555000,54,31,fd2f01c7
1335635000,55,0,ff210057
1335645000,55,1,00c30114
1335655000,55,2,fe8bfed7
1335665000,55,3,016d02b4
1335675000,55,4,fef2fd6b
1335685000,55,5,01da0138
1335695000,55,6,ff45ffa1
1335705000,55,7,ff07ffc2
1335715000,55,8,0067006e
1335725000,55,9,0068ff4c
1335735000,55,10,fefbff30
1335745000,55,11,01d902e8
1335755000,55,12,fdd1fd1f
1335765000,55,13,02b500c7
1335775000,55,14,fdebff0a
1335785000,55,15,00a50233
1335795000,55,16,ffb5ffc1
1335805000,55,17,ffc9fde2
1335815000,55,18,fff90287
1335825000,55,19,ff8dfef4
1335835000,55,20,0146fe4d
1335845000,55,21,feb800ee
1335855000,55,22,00f9022f
1335865000,55,23,fecdfd4e
1335875000,55,24,01b301de
1335885000,55,25,fe6800c6
1335895000,55,26,0069feba
1335905000,55,27,017dff7c
1335915000,55,28,fef7009d
1335925000,55,29,0075ff3b
1335935000,55,30,fe6f0236
1335945000,55,31,01affd51
1341025000,56,0,ff810086
1341035000,56,1,0186ffed
1341045000,56,2,fed3fff2
1341055000,56,3,00dbff3e
1341065000,56,4,fd5e00aa
1341075000,56,5,05cc00d9
1341085000,56,6,fbb7ff5a
1341095000,56,7,00aa0058
1341105000,56,8,ff8aff1a
1341115000,56,9,ffdb0116
1341125000,56,10,007cfddd
1341135000,56,11,fff8050f
1341145000,56,12,00dcfafb
1341155000,56,13,ffe10197
1341165000,56,14,003effbe
1341175000,56,15,ffd8ffcb
1341185000,56,16,ff4700c2
1341195000,56,17,0066ffab
1341205000,56,18,ff4d0022
1341215000,56,19,00a100a0
1341225000,56,20,ffc4fe72
1341235000,56,21,ffe60127
1341245000,56,22,00a50038
1341255000,56,23,fe40fd3c
1341265000,56,24,035e03ba
1341275000,56,25,fee1fede
1341285000,56,26,fee4ff7f
1341295000,56,27,fff8ff2b
1341305000,56,28,00aa014d
1341315000,56,29,ff9dff5d
1341325000,56,30,008effb0
1341335000,56,31,fefa0019
1346415000,57,0,02fd013e
1346425000,57,1,feb2fef3
1346435000,57,2,ff71fe7c
1346445000,57,3,017f01e2
1346455000,57,4,fe06ff42
1346465000,57,5,023001b9
1346475000,57,6,fcaffef9
1346485000,57,7,0447ff8e
1346495000,57,8,fcb30002
1346505000,57,9,027c0215
1346515000,57,10,fdfffca1
1346525000,57,11,ff6002f5
1346535000,57,12,01cdfd96
1346545000,57,13,ff80011c
1346555000,57,14,003f00b4
1346565000,57,15,0068ff2a
1346575000,57,16,ffc50090
1346585000,57,17,ffcaffbb
1346595000,57,18,ff3900b2
1346605000,57,19,010dff58
1346615000,57,20,ff6cfed8
1346625000,57,21,001800e1
1346635000,57,22,003f013d
1346645000,57,23,fec3fe34
1346655000,57,24,030f01a0
1346665000,57,25,fe20fff9
1346675000,57,26,008ffe4d
1346685000,57,27,ffb4ffe1
1346695000,57,28,007d0228
1346705000,57,29,fee8fe06
1346715000,57,30,017b0002
1346725000,57,31,fd06003c
1351805000,58,0,0071ff71
1351815000,58,1,00a70120
1351825000,58,2,ff6cfecc
1351835000,58,3,013000b1
1351845000,58,4,fd5aff88
1351855000,58,5,03310094
1351865000,58,6,fdaf0056
1351875000,58,7,00a1ff2d
1351885000,58,8,00ba0029
1351895000,58,9,ff7701f7
1351905000,58,10,0060fc06
1351915000,58,11,fde204e6
1351925000,58,12,027cfc76
1351935000,58,13,00b00001
1351945000,58,14,fec900c2
1351955000,58,15,011c0003
1351965000,58,16,fe1b004d
1351975000,58,17,013dffa4
1351985000,58,18,fe4c0066
1351995000,58,19,0150ffcf
1352005000,58,20,ff2aff64
1352015000,58,21,00e70082
1352025000,58,22,01a70028
1352035000,58,23,fd51fecd
1352045000,58,24,015e01e9
1352055000,58,25,fe5dfe95
1352065000,58,26,029400b8
1352075000,58,27,fe5eff06
1352085000,58,28,00940236
1352095000,58,29,fe50fce9
1352105000,58,30,028d0168
1352115000,58,31,fdd20047
1357195000,59,0,01dcffff
1357205000,59,1,fffd0029
1357215000,59,2,ff91ff04
1357225000,59,3,003e028e
1357235000,59,4,fdcafeb6
1357245000,59,5,03c800e1
1357255000,59,6,fd7cff0c
1357265000,59,7,012c0010
1357275000,59,8,ff1effa8
1357285000,59,9,010f0162
1357295000,59,10,fffbfe55
1357305000,59,11,ff4d0236
1357315000,59,12,ffa7fe1c
1357325000,59,13,00c7ffc7
1357335000,59,14,fe86012c
1357345000,59,15,01e3ff0d
1357355000,59,16,ff50011f
1357365000,59,17,004ffeab
1357375000,59,18,feb100bc
1357385000,59,19,01e000f6
1357395000,59,20,ff66fe2e
1357405000,59,21,ff1e01af
1357415000,59,22,00aa0020
1357425000,59,23,0024fdea
1357435000,59,24,ff8602d6
1357445000,59,25,0025fcb2
1357455000,59,26,015f01af
1357465000,59,27,fe05ff62
1357475000,59,28,00e901d4
1357485000,59,29,00b3fe21
1357495000,59,30,00c801e4
1357505000,59,31,fcddfe0d
1362585000,60,0,01ca019f
1362595000,60,1,feb9fec9
1362605000,60,2,0076005d
1362615000,60,3,008bff74
1362625000,60,4,fe6c011e
1362635000,60,5,0489fee3
1362645000,60,6,fbf2008c
1362655000,60,7,00fe0010
1362665000,60,8,fff2fff1
1362675000,60,9,ffcc0027
1362685000,60,10,ff5bff0d
1362695000,60,11,02af03ae
1362705000,60,12,fe2afae6
1362715000,60,13,ffe2026d
1362725000,60,14,008aff53
1362735000,60,15,0000000a
1362745000,60,16,001cff03
1362755000,60,17,004b01fb
1362765000,60,18,fdb2febf
1362775000,60,19,021300bc
1362785000,60,20,fefeff3a
1362795000,60,21,00b70027
1362805000,60,22,ffc601d6
1362815000,60,23,fe74fda2
1362825000,60,24,03c8013d
1362835000,60,25,fcc0ffb5
1362845000,60,26,0029ffa7
1362855000,60,27,0137fff2
1362865000,60,28,ffd40042
1362875000,60,29,fff6ff89
1362885000,60,30,00aa019b
1362895000,60,31,fdc2fe64
1367975000,61,0,fd200007
1367985000,61,1,03460041
1367995000,61,2,fde800c5
1368005000,61,3,0036ff2d
1368015000,61,4,ffce0203
1368025000,61,5,018efddb
1368035000,61,6,ffc100a5
1368045000,61,7,ff51ffd9
1368055000,61,8,ffb80111
1368065000,61,9,0087fea1
1368075000,61,10,0001ff52
1368085000,61,11,fdf702ae
1368095000,61,12,02e4fd48
1368105000,61,13,fe6c00c2
1368115000,61,14,0100ffd1
1368125000,61,15,ffca00dd
1368135000,61,16,ff18ff9d
1368145000,61,17,020400cb
1368155000,61,18,fd4aff53
1368165000,61,19,003eff81
1368175000,61,20,0182ff63
1368185000,61,21,fe4402b1
1368195000,61,22,01b5fd11
1368205000,61,23,feef0229
1368215000,61,24,00fcff5f
1368225000,61,25,002bffb3
1368235000,61,26,ff150136
1368245000,61,27,0091fe40
1368255000,61,28,fff80086
1368265000,61,29,ff9e009a
1368275000,61,30,006a00b1
1368285000,61,31,00e2fe1d
1373365000,62,0,fd9701e7
1373375000,62,1,03e0ff6b
1373385000,62,2,fc7ffeb0
1373395000,62,3,027a020b
1373405000,62,4,fd4a0012
1373415000,62,5,03d4ffb7
1373425000,62,6,fe0dff99
1373435000,62,7,fea3ff2a
1373445000,62,8,020c00a3
1373455000,62,9,fee6ffc8
1373465000,62,10,007bfff9
1373475000,62,11,fef100b2
1373485000,62,12,0072feee
1373495000,62,13,010001bb
1373505000,62,14,ff72febd
1373515000,62,15,ffd4ffd3
1373525000,62,16,0055ff0f
1373535000,62,17,ffa20291
1373545000,62,18,002ffe20
1373555000,62,19,ff920165
1373565000,62,20,ff0aff44
1373575000,62,21,009cffa1
1373585000,62,22,00ffffb9
1373595000,62,23,0037016e
1373605000,62,24,fe98ff5f
1373615000,62,25,01580098
1373625000,62,26,0023ff1b
1373635000,62,27,ffbb0186
1373645000,62,28,ffb2fe2c
1373655000,62,29,ff78ffc9
1373665000,62,30,011e01f5
1373675000,62,31,0002fd65
1378755000,63,0,ff7afe91
1378765000,63,1,012c0032
1378775000,63,2,ff45ffd6
1378785000,63,3,007701a5
1378795000,63,4,0022ff69
1378805000,63,5,fed2ff97
1378815000,63,6,01130036
1378825000,63,7,ff4dff02
1378835000,63,8,00c90171
1378845000,63,9,ffc0ff32
1378855000,63,10,ff3efff1
1378865000,63,11,ff8600b6
1378875000,63,12,00b90022
1378885000,63,13,009cfe90
1378895000,63,14,00ca0150
1378905000,63,15,fefefef8
1378915000,63,16,fe0c00af
1378925000,63,17,02dcffbc
1378935000,63,18,ff010228
1378945000,63,19,ff4dfcef
1378955000,63,20,001a02a7
1378965000,63,21,012afe25
1378975000,63,22,ff2dfffa
1378985000,63,23,fff7009e
1378995000,63,24,fff1003f
1379005000,63,25,01480028
1379015000,63,26,ffd4fec5
1379025000,63,27,ff0a01be
1379035000,63,28,02abff1e
1379045000,63,29,fb50ffe4
1379055000,63,30,03aeff0c
1379065000,63,31,fe820168
